tour,player_name,ras_slow,ras_medium,ras_fast,n_slow,n_medium,n_fast,body_return_pts,cluster,PC1,PC2
ATP,Adam Walton,0.9393939393939394,1.0,1.0,33,28,14,75,1,1.3787810392153088,-1.3871219567893425
ATP,Adrian Mannarino,0.9601226993865031,0.8976982097186701,0.8733333333333333,326,391,300,1017,6,-0.96034880232873,0.5928112560808558
ATP,Albert Ramos Vinolas,0.9555555555555556,0.944,0.9158878504672897,135,250,214,599,3,0.027757173387001483,-0.04245137670604867
ATP,Alejandro Davidovich Fokina,0.9742765273311897,0.964,0.9156626506024096,311,250,249,810,3,0.5802808398916006,0.3143835691001527
ATP,Alejandro Tabilo,0.958904109589041,0.9423076923076923,0.9487179487179487,73,104,39,216,4,0.36694325298398656,-0.32863063987158586
ATP,Aleksandar Kovacevic,0.9411764705882353,1.0,0.967741935483871,34,19,31,84,1,1.096627712854231,-0.9982216851521392
ATP,Aleksandar Vukic,1.0,0.8888888888888888,0.9354838709677419,26,18,31,75,4,0.0952105571777022,0.754259951788631
ATP,Alex Bolt,0.9354838709677419,0.9649122807017544,0.8863636363636364,62,57,44,163,6,-0.25598387105481946,-0.17008676267909337
ATP,Alex De Minaur,0.9863013698630136,0.9441860465116279,0.9380952380952381,146,215,210,571,3,0.6935925122206534,0.35109059786165503
ATP,Alex Michelsen,1.0,0.9076923076923077,1.0,72,65,42,179,4,0.9751260167513146,0.019207314160250902
ATP,Alex Molcan,0.9811320754716981,0.9866666666666667,0.9024390243902439,106,75,82,263,3,0.8718725651328133,0.5631474476994834
ATP,Alex de Minaur,0.9735849056603774,0.9536082474226805,0.9631728045325779,530,388,353,1271,1,0.8786827178491322,-0.20123921185348911
ATP,Alexander Bublik,0.9384615384615385,0.905982905982906,0.9272030651340997,260,234,261,755,4,-0.6472155208734681,-0.4569189658232815
ATP,Alexander Ritschard,1.0,0.9428571428571428,0.9298245614035088,27,35,57,119,3,0.7968727273271397,0.7269864640399312
ATP,Alexander Shevchenko,0.98,0.9818181818181818,0.9487179487179487,50,55,39,144,1,1.229672234546812,0.04270201566317845
ATP,Alexander Zverev,0.9727371864776445,0.9398340248962656,0.8729166666666667,917,964,960,2841,6,-0.18924538754400833,0.7888640515590238
ATP,Alexandr Dolgopolov,0.9130434782608695,0.898876404494382,0.8450704225352113,46,89,71,206,0,-1.9045368393430253,-0.07486844472668534
ATP,Alexandre Muller,0.9821428571428571,0.9861111111111112,0.9393939393939394,56,72,99,227,1,1.2321083349455433,0.18170800385032104
ATP,Alexei Popyrin,0.9644128113879004,0.9406392694063926,0.9017341040462428,281,219,173,673,3,-0.024656261253765743,0.3008185200946978
ATP,Aljaz Bedene,0.9855072463768116,0.8656716417910447,0.6407766990291263,69,67,103,239,5,-3.2591022353774726,3.708674349650269
ATP,Andreas Seppi,0.9575471698113207,0.8848484848484849,0.8658008658008658,212,165,231,608,6,-1.250059777858517,0.642914985847107
ATP,Andrey Kuznetsov,0.9036144578313253,0.8703703703703703,0.7727272727272727,83,54,44,181,0,-3.133436281399647,0.5664992094500928
ATP,Andrey Rublev,0.9726443768996961,0.9417758369723436,0.8978328173374613,658,687,646,1991,3,0.07471670358880776,0.5118425370230233
ATP,Andy Murray,0.9281437125748503,0.9276437847866419,0.8937007874015748,501,539,508,1548,6,-0.8154209678905513,-0.34055344279509536
ATP,Antoine Hoang,0.7916666666666666,0.7777777777777778,0.9285714285714286,24,18,14,56,2,-4.582695438903969,-3.2978076534353913
ATP,Arthur Cazaux,0.9807692307692307,0.9782608695652174,1.0,52,46,23,121,1,1.681258187584715,-0.49512860904274514
ATP,Arthur Fils,0.9833333333333333,0.9607843137254902,0.9316239316239316,120,153,117,390,3,0.8206439011015594,0.3329127233327928
ATP,Arthur Rinderknech,0.9481132075471698,0.9246575342465754,0.900709219858156,212,146,141,499,6,-0.4973399395657193,0.0010987852073395773
ATP,Aslan Karatsev,0.9497716894977168,0.9065934065934066,0.8904109589041096,219,182,146,547,6,-0.824399289224078,0.17759585221925517
ATP,Ben Shelton,0.9680851063829787,0.9803921568627451,0.92018779342723,188,204,213,605,3,0.7622608690490924,0.10984912614711405
ATP,Benjamin Bonzi,0.967479674796748,0.911504424778761,0.9537037037037037,123,113,108,344,4,0.10902550342040176,-0.15477781744369645
ATP,Benoit Paire,0.8666666666666667,0.8893280632411067,0.8952879581151832,180,253,191,624,2,-2.2385708460295146,-1.5667371899024531
ATP,Bernabe Zapata Miralles,0.9795918367346939,0.9384615384615385,0.8484848484848485,98,65,99,262,6,-0.34142156834156273,1.199575944566635
ATP,Bernard Tomic,0.9619047619047619,0.9310344827586207,0.7647058823529411,105,145,102,352,5,-1.5055661541032683,1.760089051026843
ATP,Bjorn Fratangelo,0.9642857142857143,1.0,0.8235294117647058,28,10,17,55,6,0.057317842740783095,1.0536714376057543
ATP,Borna Coric,0.9649805447470817,0.9080459770114943,0.8592964824120602,257,174,199,630,6,-0.8783410665288574,0.8294356619506641
ATP,Borna Gojo,0.9791666666666666,0.9661016949152542,0.9777777777777777,48,59,45,152,1,1.2750947379557163,-0.2657295456247917
ATP,Botic Van De Zandschulp,0.9772727272727273,0.9157303370786517,0.925531914893617,132,178,94,404,4,0.042604276006591474,0.34831185668519776
ATP,Botic van De Zandschulp,1.0,0.9731543624161074,0.9659090909090909,159,149,88,396,1,1.5660135054430322,0.2832327464850833
ATP,Bradley Klahn,0.9285714285714286,0.8387096774193549,0.8787878787878788,28,31,33,92,0,-2.1970719670509133,-0.022252467685621734
ATP,Brandon Holt,1.0,0.9743589743589743,0.9743589743589743,67,39,39,145,1,1.6636404668712947,0.18903607965168714
ATP,Brandon Nakashima,0.9773584905660377,0.9585253456221198,0.9224137931034483,265,217,232,714,3,0.6133456658444288,0.31351459681497174
ATP,Cameron Norrie,0.951171875,0.9072164948453608,0.9035874439461884,512,485,446,1443,4,-0.6692039364892943,0.061751836031899224
ATP,Carlos Alcaraz,0.9789272030651341,0.9751381215469613,0.9217638691322901,522,724,703,1949,3,0.8627831015571419,0.32566054391689975
ATP,Carlos Taberner,1.0,0.9333333333333333,0.92,13,15,25,53,3,0.5696088374327605,0.8499083938689971
ATP,Casper Ruud,0.9801192842942346,0.9508196721311475,0.9119318181818182,503,427,352,1282,3,0.4457551513856436,0.497737081302169
ATP,Christopher Eubanks,0.9793103448275862,0.9077669902912622,0.9310344827586207,145,206,174,525,4,0.013566720021929254,0.3435641066210072
ATP,Christopher O'Connell,0.9539473684210527,0.8840579710144928,0.8531073446327684,152,138,177,467,5,-1.4352483846075041,0.7082507718277242
ATP,Corentin Moutet,0.9936708860759493,0.8841463414634146,0.935672514619883,158,164,171,493,4,-0.062236305367518535,0.6290641361203962
ATP,Cristian Garin,0.9387755102040817,0.8978102189781022,0.918918918918919,245,137,185,567,4,-0.8362312060051275,-0.34653911087193906
ATP,Damir Dzumhur,0.9662921348314607,0.875,0.896551724137931,89,56,87,232,4,-0.9658055397946097,0.504542221096898
ATP,Daniel Altmaier,0.9722222222222222,0.9411764705882353,0.953125,108,51,64,223,4,0.5885750279389576,-0.09928031841994286
ATP,Daniel Elahi Galan,1.0,0.963963963963964,0.941747572815534,97,111,103,311,3,1.2063959992127982,0.5620568284278623
ATP,Daniel Evans,0.9642857142857143,0.9253393665158371,0.91,532,442,500,1474,4,-0.16177465140791758,0.23322703948396478
ATP,Daniil Medvedev,0.9562706270627063,0.9035714285714286,0.8484848484848485,1212,840,759,2811,6,-1.1720901449614782,0.7745751741376596
ATP,Darian King,1.0,1.0,0.9629629629629629,21,21,27,69,1,1.9137920714807681,0.27109548136125544
ATP,David Ferrer,0.9285714285714286,0.8902439024390244,0.8378378378378378,112,82,74,268,0,-1.8667790136440245,0.3395998736704314
ATP,David Goffin,0.9669565217391304,0.92018779342723,0.8605504587155963,575,426,545,1546,6,-0.6673431610183629,0.8366080139167288
ATP,Denis Istomin,0.979381443298969,0.9302325581395349,0.9047619047619048,97,43,84,224,3,0.07811358725521324,0.5946738536587931
ATP,Denis Kudla,1.0,0.952,0.8910891089108911,65,125,101,291,3,0.5546993737388152,1.1346046000151615
ATP,Denis Shapovalov,0.9320754716981132,0.9027777777777778,0.8602941176470589,530,576,544,1650,6,-1.4252400711876423,0.1463735999073049
ATP,Dennis Novak,0.9,0.96,0.8333333333333334,10,25,42,77,6,-1.3520863183239482,-0.31751564210964467
ATP,Diego Schwartzman,0.9724409448818898,0.9557109557109557,0.9168443496801706,508,429,469,1406,3,0.4485734357826868,0.27718103640831315
ATP,Dominic Stricker,1.0,0.9675324675324676,0.9098360655737705,59,154,122,335,3,0.9513801042979513,0.904404538708211
ATP,Dominic Thiem,0.9448946515397083,0.9090909090909091,0.8770343580470162,617,528,553,1698,6,-0.9888070538710548,0.21853318778402703
ATP,Dominik Koepfer,0.8785046728971962,0.9259259259259259,0.8888888888888888,107,162,99,368,2,-1.6135839304505066,-1.3123322897282652
ATP,Donald Young,0.8484848484848485,0.9390243902439024,0.813953488372093,33,82,43,158,2,-2.5866766284713947,-1.1373725536200292
ATP,Dudi Sela,1.0,0.7352941176470589,0.703125,10,34,64,108,5,-4.276392334585907,3.5432617240664324
ATP,Dusan Lajovic,0.945273631840796,0.875,0.8538011695906432,201,176,171,548,0,-1.6826900663944881,0.5361467230516522
ATP,Dustin Brown,0.9411764705882353,0.9583333333333334,0.8695652173913043,34,24,23,81,6,-0.42515983157649806,0.1418696662480911
ATP,Egor Gerasimov,1.0,0.8571428571428571,0.8571428571428571,21,28,28,77,5,-1.0980766342317867,1.6615280437376727
ATP,Elias Ymer,0.9565217391304348,0.9130434782608695,0.8064516129032258,23,46,31,100,5,-1.4374881388968619,1.2228333032797334
ATP,Emil Ruusuvuori,1.0,0.9540229885057471,0.94,63,87,100,250,3,1.0504844734738863,0.5975267369385047
ATP,Emilio Nava,0.9900990099009901,0.96,0.9324324324324325,101,50,74,225,3,0.9166284253467063,0.4653780655199397
ATP,Enzo Couacaud,0.95,1.0,0.8767123287671232,20,25,73,118,6,0.3560563706617254,0.17771475126398023
ATP,Ernesto Escobedo,0.9493670886075949,0.9014084507042254,0.9782608695652174,79,71,46,196,4,-0.06333432736668872,-0.7808855096236547
ATP,Ernests Gulbis,0.9107142857142857,0.8225806451612904,0.8461538461538461,112,124,130,366,0,-2.996762772634257,-0.009022410927322559
ATP,Evgeny Donskoy,1.0,0.9142857142857143,0.8076923076923077,11,35,52,98,5,-0.7704845314897772,2.106889774297397
ATP,Fabian Marozsan,0.9659090909090909,0.9868421052631579,0.9473684210526315,88,76,57,221,1,1.0804383914064584,-0.24242587735033283
ATP,Fabio Fognini,0.9498207885304659,0.9352112676056338,0.8673740053050398,279,355,377,1011,6,-0.6430970308108109,0.3827922470681453
ATP,Facundo Bagnis,0.9428571428571428,0.95,0.9056603773584906,105,80,53,238,6,-0.17223176664862974,-0.2034955256963053
ATP,Facundo Diaz Acosta,0.9655172413793104,0.9166666666666666,0.9428571428571428,58,36,35,129,4,0.04886618973908459,-0.0855370477118413
ATP,Federico Coria,0.9428571428571428,0.9298245614035088,0.9428571428571428,70,57,70,197,4,-0.09925996918878256,-0.5761224128444761
ATP,Federico Delbonis,0.927536231884058,0.8727272727272727,0.7884615384615384,69,55,52,176,0,-2.5991634514218642,0.8858960603990261
ATP,Feliciano Lopez,0.9625,0.8816568047337278,0.8306451612903226,160,169,124,453,5,-1.5580989795334503,1.1343003503794353
ATP,Felipe Meligeni Alves,1.0,0.96,1.0,38,50,15,103,1,1.7076220541435392,-0.06708403510942718
ATP,Felix Auger Aliassime,0.9560723514211886,0.9280898876404494,0.8623655913978494,387,445,465,1297,6,-0.6989893906324781,0.5785509519532588
ATP,Fernando Verdasco,0.9378531073446328,0.9663461538461539,0.8888888888888888,177,208,225,610,6,-0.17701733327848795,-0.1509852066763596
ATP,Filip Krajinovic,1.0,0.9310344827586207,0.9615384615384616,43,29,26,98,3,0.9344121198909556,0.40041192253400204
ATP,Flavio Cobolli,0.9821428571428571,0.9807692307692307,0.9761904761904762,56,52,42,150,1,1.5089782542875323,-0.21102212029697212
ATP,Florian Mayer,0.96875,0.9056603773584906,0.8863636363636364,32,53,44,129,4,-0.5977678628371127,0.6159975156584071
ATP,Frances Tiafoe,0.9617083946980854,0.9425287356321839,0.8936170212765957,679,696,752,2127,6,-0.11544338086433933,0.3303198984942581
ATP,Francisco Cerundolo,1.0,0.9615384615384616,0.9465648854961832,141,104,131,376,3,1.2184707260254486,0.5134891791693049
ATP,Francisco Comesana,0.961038961038961,0.9787234042553191,1.0,77,47,32,156,1,1.3983267462363076,-0.9041470717303921
ATP,Gabriel Diallo,0.9636363636363636,0.9508196721311475,0.9272727272727272,110,61,55,226,3,0.3505971418372041,-0.010732558806769057
ATP,Gael Monfils,0.965034965034965,0.9580645161290322,0.9107806691449815,715,620,538,1873,3,0.31494656471817706,0.18622507838230462
ATP,Gianluca Mager,0.8571428571428571,0.8571428571428571,0.8695652173913043,35,21,23,79,2,-3.074817177143831,-1.4300070689416942
ATP,Gijs Brouwer,0.9814814814814815,1.0,0.9545454545454546,54,34,44,132,1,1.5617091137047316,-0.020230450553289973
ATP,Gilles Muller,0.9693877551020408,0.89937106918239,0.8543046357615894,98,159,151,408,5,-0.9828835020597668,0.9894133794115323
ATP,Gilles Simon,0.9012345679012346,0.8,0.7565217391304347,81,105,115,301,0,-4.308664797107749,0.810187091069082
ATP,Giovanni Mpetshi Perricard,0.9696969696969697,0.96875,0.8461538461538461,33,32,65,130,6,-0.08469254658331446,0.9703036058713151
ATP,Gregoire Barrere,0.9351851851851852,0.8688524590163934,0.84,108,61,75,244,0,-2.048659560550036,0.48814519681233776
ATP,Grigor Dimitrov,0.9470013947001394,0.9176706827309237,0.9194991055456172,717,498,559,1774,4,-0.43190882820436477,-0.2154253435604365
ATP,Guido Pella,0.953757225433526,0.935,0.8598726114649682,173,200,157,530,6,-0.6600079433577193,0.5464518949752668
ATP,Henri Laaksonen,0.9538461538461539,0.9714285714285714,0.8513513513513513,130,70,74,274,6,-0.230012574816106,0.5811845576624647
ATP,Holger Rune,0.9775280898876404,0.9694323144104804,0.9123711340206185,178,229,194,601,3,0.6725895389415466,0.40862143948573953
ATP,Horacio Zeballos,0.9464285714285714,0.92,0.9454545454545454,56,50,55,161,4,-0.15962843420713368,-0.5143597369532801
ATP,Hubert Hurkacz,0.9698630136986301,0.9480122324159022,0.9245283018867925,365,327,371,1063,3,0.37638766476155766,0.15268820418971354
ATP,Hugo Dellien,0.9393939393939394,0.9807692307692307,0.9259259259259259,66,52,54,172,3,0.40153300295451516,-0.547063158321677
ATP,Hugo Gaston,0.972972972972973,0.9672131147540983,1.0,37,61,46,144,1,1.4121923569049928,-0.6382221212824036
ATP,Hugo Grenier,1.0,0.9705882352941176,1.0,37,68,39,144,1,1.85589547347726,-0.08455131515190539
ATP,Hyeon Chung,0.9444444444444444,0.927007299270073,0.8849557522123894,162,137,113,412,6,-0.6688097042029669,0.09321884309493363
ATP,Ilya Ivashka,0.9664429530201343,0.9759036144578314,0.9139072847682119,149,166,151,466,3,0.615292897315138,0.15181076780802152
ATP,Ivo Karlovic,0.8817204301075269,0.85,0.8163265306122449,93,60,49,202,0,-3.3231508436602795,-0.3287009019007435
ATP,J.J. Wolf,0.9625,0.9882352941176471,0.9615384615384616,80,85,78,243,1,1.1853699470488819,-0.46989524130229937
ATP,Jack Draper,0.9772727272727273,0.9803149606299213,0.9737827715355806,264,254,267,785,1,1.408169386885172,-0.2847705252514848
ATP,Jack Sock,0.9104477611940298,0.9130434782608695,0.8153310104529616,268,230,287,785,0,-2.0284498628919705,0.17258178581133016
ATP,Jakub Mensik,0.9876543209876543,0.9146341463414634,0.9411764705882353,162,82,85,329,4,0.3290531896398382,0.3942130583194334
ATP,James Duckworth,0.9488636363636364,0.9704142011834319,0.94,176,169,150,495,1,0.5299393405724654,-0.4876186839841257
ATP,Jan Choinski,0.9636363636363636,0.9705882352941176,0.9565217391304348,55,34,23,112,1,0.9069697384971799,-0.362524631554535
ATP,Jan Lennard Struff,0.9512195121951219,0.8990825688073395,0.8713692946058091,164,218,241,623,6,-1.0903278985759375,0.42773683450238853
ATP,Janko Tipsarevic,1.0,0.9705882352941176,0.8656716417910447,30,34,67,131,3,0.5720792833965334,1.3813081711372097
ATP,Jannik Sinner,0.9797979797979798,0.9341317365269461,0.9235836627140975,594,668,759,2021,3,0.3187111427041303,0.3914677181757826
ATP,Jared Donaldson,0.96,0.8852459016393442,0.7971014492753623,50,61,69,180,5,-1.8650965945338243,1.44269595839994
ATP,Jason Kubler,0.9910714285714286,0.979381443298969,0.8850574712643678,112,97,87,296,3,0.7495254658545213,0.9705055775431636
ATP,Jaume Munar,0.9926470588235294,0.9617834394904459,0.9553571428571429,136,157,112,405,1,1.1980767227382378,0.2649936271026965
ATP,Jay Clarke,1.0,0.8461538461538461,0.8153846153846154,10,52,65,127,5,-1.6510583295043317,2.1353436887258472
ATP,Jenson Brooksby,0.9874476987447699,0.9166666666666666,0.9448275862068966,239,144,145,528,4,0.38937980644937936,0.3467418081967608
ATP,Jeremy Chardy,0.9038461538461539,0.9078947368421053,0.8165137614678899,52,152,109,313,0,-2.1860809258606424,0.03156946914651069
ATP,Jerzy Janowicz,0.8285714285714286,0.8947368421052632,0.9178082191780822,35,38,73,146,2,-2.506386212385775,-2.6096728116603303
ATP,Jiri Lehecka,0.9747899159663865,0.9562043795620438,0.9578947368421052,119,137,95,351,1,0.8822692446445489,-0.12299118417325736
ATP,Jiri Vesely,0.9939024390243902,0.9294117647058824,0.8780487804878049,164,255,164,583,3,0.02431186870301432,1.1880011318708588
ATP,Jo Wilfried Tsonga,0.9723756906077348,0.9520295202952029,0.9323843416370107,181,271,281,733,3,0.5445832567183625,0.11232371414281656
ATP,Joao Sousa,0.9280575539568345,0.9067796610169492,0.8928571428571429,139,118,140,397,6,-1.116920585426168,-0.2987106578998997
ATP,John Isner,0.8726235741444867,0.8961593172119487,0.8485370051635112,526,703,581,1810,2,-2.502344069110865,-0.9445770776680023
ATP,John Millman,0.9626556016597511,0.9281437125748503,0.8698224852071006,241,167,169,577,6,-0.530403107689383,0.6333082404403472
ATP,Jordan Thompson,0.9691358024691358,0.9420289855072463,0.914364640883978,324,345,362,1031,3,0.1847966055531284,0.2584224069907539
ATP,Juan Ignacio Londero,0.9615384615384616,1.0,0.92,26,20,25,71,3,0.9390186331106314,-0.05591046593821789
ATP,Juan Manuel Cerundolo,0.8863636363636364,0.6829268292682927,0.9193548387096774,44,41,62,147,0,-4.609996817405924,-1.0813033190069263
ATP,Juan Martin Del Potro,0.9619771863117871,0.9377593360995851,0.8823529411764706,263,241,255,759,6,-0.2859436177520757,0.46666908966480086
ATP,Juan Martin del Potro,0.9455782312925171,0.8571428571428571,0.8875,147,70,80,297,0,-1.6062166482701192,0.20416934284427599
ATP,Juan Pablo Varillas,0.9838709677419355,0.9642857142857143,1.0,62,28,29,119,1,1.5310527564541379,-0.40789334914081965
ATP,Julien Benneteau,0.9047619047619048,0.9069767441860465,0.8043478260869565,42,43,46,131,0,-2.3017771357402674,0.1847933197696437
ATP,Juncheng Shang,1.0,0.9555555555555556,0.9444444444444444,68,90,54,212,3,1.114422811858962,0.5464984378798271
ATP,Kamil Majchrzak,0.9420289855072463,0.9696969696969697,0.9333333333333333,69,33,60,162,3,0.35592780577074773,-0.5551068594713711
ATP,Karen Khachanov,0.974293059125964,0.9133663366336634,0.8154761904761905,389,404,504,1297,5,-1.0860421575103703,1.4915410655742403
ATP,Kei Nishikori,0.9424083769633508,0.91,0.8660907127429806,382,500,463,1345,6,-1.117137495525543,0.28501052962765583
ATP,Kevin Anderson,0.9384164222873901,0.8791593695271454,0.8221830985915493,341,571,568,1480,0,-2.0272105387431942,0.7324293358138777
ATP,Kyle Edmund,0.9264705882352942,0.8901098901098901,0.8830188679245283,204,182,265,651,0,-1.4676627445958133,-0.1966877034293506
ATP,Laslo Djere,0.9668508287292817,0.9037037037037037,0.7633587786259542,181,135,131,447,5,-1.828619982763516,1.922219762847592
ATP,Learner Tien,1.0,0.9615384615384616,0.9761904761904762,55,26,42,123,1,1.5016113337210661,0.19019963900687117
ATP,Leonardo Mayer,0.9736842105263158,0.9811320754716981,0.9090909090909091,76,53,66,195,3,0.7486952373329646,0.34557906929123555
ATP,Liam Broady,0.9296875,0.9675675675675676,0.8740157480314961,128,185,127,440,6,-0.42183538331750103,-0.15965824134888112
ATP,Lloyd Harris,0.9259259259259259,0.8436018957345972,0.8267326732673267,162,211,202,575,0,-2.664875325280334,0.48298952977871845
ATP,Lorenzo Musetti,0.9672727272727273,0.8615384615384616,0.8533333333333334,275,130,300,705,5,-1.5529830243208884,1.0186609082253115
ATP,Lorenzo Sonego,0.9492753623188406,0.9022556390977443,0.9038461538461539,138,133,104,375,4,-0.7640197401333583,0.02787020217042156
ATP,Lucas Pouille,0.9020771513353115,0.8766666666666667,0.8508064516129032,337,300,248,885,0,-2.3215890591050843,-0.3277371818914166
ATP,Luciano Darderi,0.9333333333333333,0.9629629629629629,1.0,30,27,11,68,1,0.7712306565352506,-1.4514274594758292
ATP,Lukas Lacko,0.95,0.9285714285714286,1.0,20,14,16,50,4,0.5340962279137533,-1.0498283077289468
ATP,Mackenzie McDonald,0.9629629629629629,0.9333333333333333,0.8981481481481481,135,135,108,378,6,-0.1825044669168319,0.3220027898664095
ATP,Malek Jaziri,0.8301886792452831,0.7241379310344828,0.8,53,29,15,97,0,-5.9975912963483555,-1.0091907192537715
ATP,Marc Andrea Huesler,1.0,0.9411764705882353,0.9473684210526315,25,34,38,97,3,0.941009164009857,0.5383115129273219
ATP,Marco Cecchinato,0.8762886597938144,0.9178082191780822,0.8787878787878788,97,73,66,236,2,-1.8563044625090428,-1.234566611780096
ATP,Marco Trungelliti,0.918918918918919,0.972972972972973,0.9615384615384616,37,74,52,163,1,0.33238416294041634,-1.3464895845318807
ATP,Marcos Baghdatis,0.963855421686747,0.9225352112676056,0.8854961832061069,83,142,131,356,6,-0.4415448493303328,0.4963476111496647
ATP,Marcos Giron,0.9856115107913669,0.9253731343283582,0.9814814814814815,139,134,108,381,4,0.8346802445042774,-0.10560121642222925
ATP,Mariano Navone,0.9545454545454546,0.9473684210526315,1.0,44,19,15,78,1,0.8639956835247551,-0.9867836909351755
ATP,Marin Cilic,0.9290123456790124,0.9210526315789473,0.871841155234657,648,722,554,1924,6,-1.1038985407695396,-0.07316304526944303
ATP,Marius Copil,0.8787878787878788,0.9393939393939394,0.8148148148148148,33,33,27,93,2,-2.128777134218462,-0.5203562176034736
ATP,Martin Klizan,0.9090909090909091,0.9767441860465116,0.8378378378378378,44,43,37,124,6,-0.9412087728441068,-0.2061862028699982
ATP,Marton Fucsovics,0.9647058823529412,0.9506172839506173,0.8803088803088803,255,243,259,757,6,-0.08539654500987406,0.524225046548
ATP,Matteo Arnaldi,0.9841269841269841,0.8947368421052632,0.9821428571428571,126,76,56,258,4,0.3902073922930617,-0.09299575068212629
ATP,Matteo Berrettini,0.947129909365559,0.9284578696343402,0.9169184290030211,662,629,662,1953,4,-0.3036285798613874,-0.2023999704309809
ATP,Matthew Ebden,0.8936170212765957,0.8695652173913043,0.8461538461538461,47,23,13,83,0,-2.589596587476204,-0.4403059972359616
ATP,Matthew Forbes,1.0,0.9230769230769231,1.0,18,26,16,60,1,1.1905660277490284,-0.006172494448478002
ATP,Mattia Bellucci,0.984375,0.896551724137931,0.8169014084507042,64,29,71,164,5,-1.1600015820745475,1.7123410439049
ATP,Max Purcell,0.9882352941176471,0.9850746268656716,0.9318181818181818,85,67,44,196,3,1.2345554566570103,0.3921520874551822
ATP,Maxime Cressy,0.9418604651162791,0.9404761904761905,0.9416058394160584,86,168,137,391,4,0.02332258957271931,-0.6006625004060426
ATP,Maximilian Marterer,0.9555555555555556,0.9285714285714286,0.8571428571428571,45,70,84,199,6,-0.7497418055635069,0.6240562439029941
ATP,Michael Mmoh,0.9125,0.8888888888888888,0.8979591836734694,80,99,98,277,0,-1.5468962296408142,-0.646786834149187
ATP,Mikael Ymer,0.9805825242718447,0.98,0.8850574712643678,103,100,87,290,3,0.6043335826683534,0.7524505074733684
ATP,Mikhail Kukushkin,0.9172413793103448,0.956140350877193,0.8012422360248447,145,114,161,420,6,-1.4599385758632208,0.3958017002980985
ATP,Mikhail Youzhny,0.8571428571428571,0.9130434782608695,0.8333333333333334,21,23,36,80,2,-2.638286123350587,-1.1268448488590828
ATP,Milos Raonic,0.9027237354085603,0.8609865470852018,0.86875,257,446,480,1183,0,-2.3601910894052622,-0.48430001712069815
ATP,Miomir Kecmanovic,0.965,0.940677966101695,0.9553571428571429,200,118,112,430,4,0.49699004094452315,-0.27225723022380494
ATP,Mischa Zverev,0.9523809523809523,0.8888888888888888,0.8317757009345794,147,135,107,389,5,-1.594447608866168,0.9006510139929587
ATP,Mitchell Krueger,0.9629629629629629,0.9824561403508771,0.9761904761904762,27,57,42,126,1,1.2512655179835754,-0.6106721406310778
ATP,Nick Kyrgios,0.9398496240601504,0.9122486288848263,0.9035250463821892,399,547,539,1485,6,-0.7654099365743726,-0.18014681226596221
ATP,Nicolas Jarry,0.9696969696969697,0.9904761904761905,0.8944723618090452,132,105,199,436,3,0.6813468176201206,0.40718591817583727
ATP,Nicolas Mahut,1.0,0.9487179487179487,0.8214285714285714,13,39,28,80,5,-0.15702769867162264,1.9001902368657575
ATP,Nikoloz Basilashvili,0.8884120171673819,0.8138297872340425,0.783068783068783,233,188,189,610,0,-4.049364381770736,0.23235532915336984
ATP,Norbert Gombos,0.9230769230769231,0.8787878787878788,0.8863636363636364,39,33,44,116,0,-1.644023860588635,-0.2847308886438125
ATP,Novak Djokovic,0.9681238615664846,0.9409722222222222,0.9134396355353075,1098,1440,1317,3855,3,0.14631415700769876,0.24932095482972888
ATP,Nuno Borges,0.9642857142857143,0.9883720930232558,0.968,168,86,125,379,1,1.275233784198589,-0.5036828168053248
ATP,Oscar Otte,0.898989898989899,0.9158878504672897,0.9065420560747663,99,107,107,313,2,-1.2849540627559848,-1.0645361011820242
ATP,Otto Virtanen,0.9883720930232558,0.9767441860465116,0.9347826086956522,86,86,92,264,3,1.1482378026024094,0.37637599551248585
ATP,Pablo Andujar,0.890625,0.8142857142857143,0.8928571428571429,128,70,84,282,0,-2.9612390640308166,-0.9206726593935085
ATP,Pablo Carreno Busta,0.9629629629629629,0.9299065420560748,0.8604651162790697,270,214,258,742,6,-0.5906398602661409,0.7388723684065569
ATP,Paolo Lorenzi,0.960352422907489,0.934640522875817,0.8775510204081632,227,153,98,478,6,-0.3993440630902675,0.4905958318175715
ATP,Pavel Kotov,1.0,0.9230769230769231,0.8666666666666667,79,52,30,161,3,-0.08374041277554374,1.4488287734236798
ATP,Pedro Cachin,0.9733333333333334,0.8928571428571429,0.9651162790697675,150,56,86,292,4,0.04283274582942941,-0.12743254709592133
ATP,Pedro Martinez,0.9470899470899471,0.8723404255319149,0.9166666666666666,189,94,96,379,4,-1.0924672047378237,-0.10790325482104327
ATP,Peter Gojowczyk,0.9823008849557522,0.9590163934426229,0.908256880733945,113,122,109,344,3,0.5574165612887879,0.5694591561716379
ATP,Philipp Kohlschreiber,0.9171270718232044,0.8461538461538461,0.8604651162790697,181,169,172,522,0,-2.4358116301893755,-0.07139040637745964
ATP,Pierre Hugues Herbert,0.9180327868852459,0.9354838709677419,0.8404255319148937,61,62,94,217,6,-1.3631086586296153,0.01866602175224593
ATP,Quentin Halys,0.9625,0.963265306122449,0.9349112426035503,80,245,169,494,3,0.581215930944381,-0.13813278291753361
ATP,Radu Albot,0.9529411764705882,0.8979591836734694,0.8481012658227848,85,98,158,341,6,-1.303185019914421,0.7191270421416036
ATP,Rafael Nadal,0.952449567723343,0.928042328042328,0.9226638023630505,694,945,931,2570,4,-0.17650731550120952,-0.15433742145786664
ATP,Reilly Opelka,0.8707865168539326,0.8778625954198473,0.7910447761194029,178,131,134,443,0,-3.3349808601248663,-0.32502078788752586
ATP,Renzo Olivo,1.0,1.0,0.7,30,11,10,51,5,-0.5994234084426946,3.140681315220234
ATP,Ricardas Berankis,0.9411764705882353,0.9117647058823529,0.8301886792452831,68,68,53,189,6,-1.4536216174764678,0.6483901985716815
ATP,Richard Gasquet,0.9711191335740073,0.9174917491749175,0.9015151515151515,277,303,264,844,4,-0.2525274547802316,0.4801601092985473
ATP,Rinky Hijikata,1.0,0.9838709677419355,0.96875,99,124,128,351,1,1.7432359830807547,0.23455224852940457
ATP,Roberto Bautista Agut,0.9453551912568307,0.9129129129129129,0.906060606060606,366,333,330,1029,4,-0.651117414319469,-0.09499172141539287
ATP,Roberto Carballes Baena,0.9553072625698324,0.96,0.9367088607594937,179,125,158,462,3,0.4471653667896332,-0.30119348718774897
ATP,Robin Haase,0.9428571428571428,0.9137931034482759,0.8446601941747572,70,58,103,231,6,-1.2622556363644781,0.5218996201613612
ATP,Roger Federer,0.8962962962962963,0.8748353096179183,0.8216957605985037,675,759,802,2236,0,-2.7102492553698685,-0.12666180325353912
ATP,Roman Safiullin,0.9696969696969697,0.9385964912280702,0.9659090909090909,66,114,88,268,4,0.6375863540093502,-0.28678277297948984
ATP,Ryan Harrison,0.92,0.8701298701298701,0.7972972972972973,25,77,74,176,0,-2.6616338149424523,0.6378222173932916
ATP,Ryan Peniston,1.0,0.9655172413793104,1.0,42,29,18,89,1,1.7848832994668582,-0.07618575957600593
ATP,Salvatore Caruso,0.967741935483871,0.8717948717948718,0.75,31,39,16,86,5,-2.390061376875882,2.1390757958601365
ATP,Sam Querrey,0.9272727272727272,0.8920863309352518,0.8545918367346939,330,417,392,1139,0,-1.6999050949002026,0.12685976103946422
ATP,Sebastian Baez,0.968,0.9811320754716981,0.921875,125,53,64,242,3,0.7874991683506701,0.0884558268819826
ATP,Sebastian Korda,0.9731543624161074,0.9322916666666666,0.972027972027972,149,192,143,484,4,0.6584899922925121,-0.2716143417094579
ATP,Sebastian Ofner,0.9846153846153847,0.9402985074626866,0.8947368421052632,65,67,57,189,3,0.20003338462535572,0.7957666078445524
ATP,Sergiy Stakhovsky,0.9333333333333333,0.8857142857142857,0.8260869565217391,30,35,23,88,0,-1.9726678108724822,0.5738364630771638
ATP,Simone Bolelli,0.9111111111111111,0.92,0.8823529411764706,45,50,17,112,6,-1.280754740706844,-0.5565458329068312
ATP,Soonwoo Kwon,0.9752066115702479,0.9439252336448598,0.896551724137931,121,107,116,344,3,0.1301557134573974,0.5752939749322062
ATP,Stan Wawrinka,0.9664723032069971,0.9194139194139194,0.8765625,686,546,640,1872,6,-0.5322509687366439,0.6531337429952654
ATP,Stefano Travaglia,0.921875,0.8620689655172413,0.9473684210526315,64,29,38,131,4,-1.312738033217869,-0.9477351887139704
ATP,Stefanos Tsitsipas,0.9647887323943662,0.928,0.8558394160583942,568,375,548,1491,6,-0.6347666625013316,0.8302740789587093
ATP,Steve Johnson,0.9252336448598131,0.9162790697674419,0.8656126482213439,214,215,253,682,6,-1.2857002343314288,-0.07550775994507507
ATP,Sumit Nagal,1.0,0.9642857142857143,0.5882352941176471,19,28,17,64,5,-2.167720639370798,4.419232143778292
ATP,Tallon Griekspoor,0.9636363636363636,0.9310344827586207,0.8083333333333333,110,116,120,346,5,-1.0632060181713245,1.3198340893280045
ATP,Taro Daniel,0.9754098360655737,0.8529411764705882,0.9345794392523364,122,102,107,331,4,-0.7775255291053431,0.3146165264774959
ATP,Taylor Fritz,0.9809688581314879,0.9546218487394958,0.9144144144144144,578,595,666,1839,3,0.5351879913917673,0.4819525618995035
ATP,Tennys Sandgren,0.9496402877697842,0.8256880733944955,0.9009009009009009,139,109,111,359,0,-1.85903720000795,0.19387383964270555
ATP,Thanasi Kokkinakis,0.9035087719298246,0.9385964912280702,0.9264705882352942,114,114,136,364,6,-0.7102044256039749,-1.2259648007091961
ATP,Thiago Monteiro,0.9478260869565217,0.9105691056910569,0.925531914893617,115,123,94,332,4,-0.46160232412318253,-0.2524786560872676
ATP,Thiago Seyboth Wild,1.0,0.9545454545454546,0.9393939393939394,34,44,33,111,3,1.0520085772786367,0.6032784733391932
ATP,Thomas Fabbiano,0.8783783783783784,0.8807339449541285,0.9166666666666666,74,109,108,291,2,-1.9828063990321798,-1.5435181700225131
ATP,Thomaz Bellucci,0.9333333333333333,0.9230769230769231,0.8571428571428571,15,26,28,69,6,-1.1526458492589575,0.1733019741876059
ATP,Tim Van Rijthoven,0.9696969696969697,0.9655172413793104,1.0,33,29,29,91,1,1.3403907777057154,-0.7032109692246161
ATP,Tim van Rijthoven,0.9512195121951219,0.9655172413793104,0.9491525423728814,41,29,59,129,1,0.5833944317025711,-0.5306700492658063
ATP,Timofey Skatov,0.9714285714285714,0.9285714285714286,0.9583333333333334,35,28,24,87,4,0.45019517706663364,-0.15174401326737952
ATP,Titouan Droguet,1.0,0.8823529411764706,0.9722222222222222,94,17,36,147,4,0.3548031372536376,0.36413461600877867
ATP,Tomas Berdych,0.9504132231404959,0.9267015706806283,0.875,121,191,168,480,6,-0.6806895417139344,0.32587040596975114
ATP,Tomas Machac,0.9904761904761905,0.9883720930232558,0.9402985074626866,105,86,67,258,1,1.394650893220264,0.34053891511904033
ATP,Tomas Martin Etcheverry,0.98125,0.9765625,0.9444444444444444,160,128,126,414,1,1.1335659262583184,0.1238716944952254
ATP,Tommy Paul,0.9693593314763231,0.9656862745098039,0.9390519187358917,359,408,443,1210,3,0.7553062935626575,-0.0453796580355971
ATP,Tristan Schoolkate,1.0,1.0,1.0,95,21,41,157,1,2.2677660827375945,-0.13307153749212242
ATP,Ugo Humbert,0.9818181818181818,0.8975265017667845,0.9081632653061225,110,283,294,687,4,-0.31163845215972774,0.6619318325656275
ATP,Vasek Pospisil,0.891156462585034,0.9271523178807947,0.9108910891089109,147,151,202,500,2,-1.2005487815454043,-1.2926659667124472
ATP,Victor Estrella Burgos,0.96875,0.9583333333333334,1.0,32,24,10,66,1,1.225899806552609,-0.7109543032936115
ATP,Viktor Troicki,0.8979591836734694,0.8823529411764706,0.8571428571428571,98,68,49,215,0,-2.2418052158982067,-0.49147213851354904
ATP,Yannick Hanfmann,0.7804878048780488,0.8961038961038961,0.8888888888888888,41,77,81,199,2,-3.4689359683362824,-3.2912838163504174
ATP,Yen Hsun Lu,0.8,0.92,0.8571428571428571,10,25,21,56,2,-3.1515009472075297,-2.5805329865445343
ATP,Yibing Wu,0.9850746268656716,0.9736842105263158,0.9651162790697675,134,76,86,296,1,1.3469269950613836,-0.017823082830278395
ATP,Yoshihito Nishioka,0.9426751592356688,0.9578947368421052,0.8161764705882353,157,190,136,483,6,-0.9195707964090677,0.7562090341783381
ATP,Yosuke Watanuki,1.0,0.9583333333333334,0.9166666666666666,38,24,48,110,3,0.8878411942909298,0.8450412365766174
ATP,Yu Hsiou Hsu,0.96875,0.9411764705882353,0.9354838709677419,32,17,31,80,3,0.3690420605743402,0.02138203128922667
ATP,Yuichi Sugita,0.9230769230769231,0.9701492537313433,0.9375,39,67,64,170,6,0.12408983633065383,-0.9934746667526229
ATP,Zachary Svajda,0.9803921568627451,0.9619047619047619,0.9420289855072463,153,105,69,327,3,0.8926364926273532,0.15666075529477413
ATP,Zhizhen Zhang,0.990909090909091,0.967032967032967,0.9787234042553191,110,91,94,295,1,1.4694143873614465,-0.03461274284128722
ATP,Zizou Bergs,1.0,0.9722222222222222,0.9722222222222222,96,36,36,168,1,1.6132966655491034,0.21587838108033788
WTA,Agnieszka Radwanska,0.9572192513368984,0.961038961038961,0.9124087591240876,187,154,137,478,3,0.2575167775775542,0.0018301920764442479
WTA,Ajla Tomljanovic,0.9771241830065359,0.9736842105263158,0.8928571428571429,306,228,168,702,3,0.5397057513704783,0.6061961801951457
WTA,Aleksandra Krunic,0.9895833333333334,0.9069767441860465,0.9583333333333334,96,43,72,211,4,0.4140904841041922,0.2595357507679503
WTA,Alexandra Dulgheru,0.9166666666666666,1.0,0.8666666666666667,12,19,30,61,6,-0.22889479263012227,-0.4023895961536447
WTA,Aliaksandra Sasnovich,0.9575757575757575,0.9428571428571428,0.9375,165,210,160,535,4,0.24793965314173583,-0.23460712613839696
WTA,Aliona Bolsova,1.0,0.9565217391304348,0.9,19,23,20,62,3,0.7031840473506279,1.0299049594801426
WTA,Alison Riske,0.9636363636363636,0.9503105590062112,0.9342105263157895,165,161,152,478,3,0.4097743399442018,-0.08560147924738275
WTA,Alison Riske Amritraj,1.0,0.9908256880733946,1.0,135,109,51,295,1,2.1392926816839126,-0.1179367892392107
WTA,Alison Van Uytvanck,0.9613259668508287,0.95625,0.9624060150375939,181,160,133,474,1,0.7285311115455897,-0.45088958190548467
WTA,Alize Cornet,0.972972972972973,0.9487179487179487,0.9340659340659341,37,78,91,206,3,0.5230419000567328,0.11179524551480848
WTA,Alizé Cornet,0.9575757575757575,0.9896907216494846,0.9523809523809523,165,97,84,346,1,1.0460000915486227,-0.47425643280287294
WTA,Alycia Parks,0.9545454545454546,0.9,0.8333333333333334,44,20,12,76,5,-1.3922158220449714,0.9101109888318973
WTA,Amanda Anisimova,0.9664804469273743,0.9415584415584416,0.937984496124031,179,154,129,462,3,0.36499987092952096,-0.05349740797365915
WTA,Ana Bogdan,1.0,0.9797979797979798,0.9553571428571429,88,99,112,299,1,1.5581999553409331,0.38742108699547456
WTA,Ana Konjuh,0.8913043478260869,0.8953488372093024,0.9047619047619048,46,86,63,195,2,-1.7023212512126313,-1.1702553612772941
WTA,Anastasia Pavlyuchenkova,0.9649122807017544,0.9476744186046512,0.954337899543379,228,172,219,619,3,0.5839376669436306,-0.2744917615008585
WTA,Anastasia Potapova,0.9906542056074766,0.9595959595959596,0.9479166666666666,107,99,96,302,3,1.067101601648781,0.3085607688671855
WTA,Anastasija Sevastova,0.9563318777292577,0.9344262295081968,0.9226804123711341,229,183,194,606,4,-0.03000425533015491,-0.08471801506124726
WTA,Andrea Petkovic,0.9,0.9295774647887324,0.9175257731958762,160,142,97,399,6,-0.9734590914536746,-1.1860787648304933
WTA,Anett Kontaveit,0.9613259668508287,0.96875,0.9572192513368984,181,160,187,528,1,0.8540046725616661,-0.4149100681950877
WTA,Angelique Kerber,0.9572953736654805,0.9638095238095238,0.9629629629629629,562,525,486,1573,1,0.7805928205691728,-0.5528384905446306
WTA,Anhelina Kalinina,0.9536423841059603,0.9689922480620154,0.9615384615384616,151,129,78,358,1,0.7859722607057212,-0.6214305268933978
WTA,Ann Li,0.9393939393939394,0.9868421052631579,0.9705882352941176,66,76,34,176,1,0.9134261261332831,-1.0444593795012538
WTA,Anna Blinkova,0.9587628865979382,0.9285714285714286,0.9066666666666666,97,70,75,242,4,-0.22938204091323988,0.14999275638613843
WTA,Anna Bondar,1.0,1.0,1.0,17,39,37,93,1,2.2677660827375945,-0.13307153749212242
WTA,Anna Kalinskaya,0.979381443298969,0.9823008849557522,0.9333333333333333,97,113,90,300,3,1.0803233117066027,0.19699139668998553
WTA,Anna Karolina Schmiedlova,0.9918032786885246,0.968944099378882,0.968,122,161,125,408,1,1.4068065211183927,0.09775612004396428
WTA,Anna Lena Friedsam,0.92,0.9696969696969697,1.0,25,33,12,70,1,0.6699542884744998,-1.7384275588563514
WTA,Arantxa Rus,1.0,1.0,0.9047619047619048,68,56,63,187,3,1.357547196648614,0.9062150824165618
WTA,Arina Rodionova,0.9629629629629629,1.0,1.0,27,13,30,70,1,1.7244974450295296,-0.8994356826182032
WTA,Aryna Sabalenka,0.9522900763358778,0.9385796545105566,0.9375975039001561,524,521,641,1686,4,0.11143957727649055,-0.33798504685431385
WTA,Ashleigh Barty,0.9586776859504132,0.9393939393939394,0.9398280802292264,484,330,349,1163,4,0.23785585630263234,-0.23149820339364668
WTA,Ashlyn Krueger,0.9326923076923077,0.974025974025974,0.9444444444444444,104,77,54,235,1,0.38578890285853235,-0.8766914377372585
WTA,Barbora Krejcikova,0.9838056680161943,0.9304347826086956,0.950207468879668,247,230,241,718,4,0.5801779192862642,0.18996041010702056
WTA,Barbora Strycova,0.9684684684684685,0.9542857142857143,0.9333333333333333,222,175,120,517,3,0.5279357695082493,0.017398234301010975
WTA,Beatriz Haddad Maia,0.9711934156378601,0.9462809917355371,0.9135802469135802,243,242,162,647,3,0.26702490683205715,0.3025434177138784
WTA,Belinda Bencic,0.9863387978142076,0.9627906976744186,0.9526184538653366,366,430,401,1197,1,1.0934763266562535,0.16268845897040748
WTA,Bernarda Pera,0.9565217391304348,0.9818181818181818,0.9859154929577465,92,110,142,344,1,1.240795185464546,-0.8490247672160833
WTA,Bianca Andreescu,0.9427609427609428,0.9423868312757202,0.9481481481481482,297,243,270,810,4,0.1258136706970365,-0.65657493494418
WTA,Camila Giorgi,0.9285714285714286,0.9295774647887324,0.9026548672566371,126,142,226,494,6,-0.6964918264756532,-0.4326046646917992
WTA,Camila Osorio,1.0,1.0,1.0,59,34,42,135,1,2.2677660827375945,-0.13307153749212242
WTA,Carina Witthoeft,0.9672131147540983,0.9183673469387755,0.9354838709677419,61,49,31,141,4,0.027088778377557556,0.02720898763230176
WTA,Carla Suarez Navarro,0.9310344827586207,0.9367088607594937,0.8666666666666667,58,79,60,197,6,-0.9044478707141056,-0.0006825555084794619
WTA,Carla Suárez Navarro,0.925,0.9607843137254902,0.875,40,51,40,131,6,-0.5761760089601331,-0.25620161295532856
WTA,Caroline Dolehide,0.9541284403669725,0.8888888888888888,0.9710144927536232,109,72,69,250,4,-0.2380683436975979,-0.5826348980736016
WTA,Caroline Garcia,0.9333333333333333,0.9157894736842105,0.9322916666666666,375,380,384,1139,4,-0.5364767909796049,-0.6347381097299556
WTA,Caroline Wozniacki,0.9565217391304348,0.9757869249394673,0.9505494505494505,391,413,364,1168,1,0.8183320552006514,-0.45314280369702886
WTA,Catherine Bellis,0.9545454545454546,0.8571428571428571,1.0,44,42,26,112,4,-0.39948708774002945,-0.8379397005982693
WTA,Christina McHale,0.918918918918919,0.8813559322033898,0.8846153846153846,111,59,52,222,0,-1.6857610872834168,-0.3559262837421379
WTA,Claire Liu,0.9074074074074074,0.9375,0.9111111111111111,54,80,45,179,6,-0.8151681832271569,-0.9758755825862543
WTA,Clara Burel,1.0,0.968,1.0,109,125,119,353,1,1.8196508598623502,-0.08028153558596629
WTA,Clara Tauson,1.0,0.9210526315789473,0.9340659340659341,103,76,91,270,3,0.5320671213577672,0.7166730755279135
WTA,CoCo Vandeweghe,0.9360730593607306,0.8952380952380953,0.9166666666666666,219,210,192,621,4,-0.9334158797596475,-0.3736368448352887
WTA,Coco Gauff,0.9686684073107049,0.9441624365482234,0.9489194499017681,383,394,509,1286,3,0.5380673491573686,-0.13184806469795668
WTA,Coco Vandeweghe,0.9375,0.8367346938775511,0.9285714285714286,64,49,70,183,0,-1.6179660654882513,-0.37750932304170537
WTA,Cori Gauff,0.9848484848484849,0.875,0.9047619047619048,66,48,84,198,4,-0.6151491535883779,0.798913422538179
WTA,Cristina Bucsa,0.9878048780487805,1.0,0.9795918367346939,82,50,49,181,1,1.8938380417693559,-0.16270667543647938
WTA,Dalma Galfi,0.9767441860465116,0.98,1.0,43,50,43,136,1,1.6465719005773631,-0.581283179752035
WTA,Danielle Collins,0.954954954954955,0.9336283185840708,0.9695121951219512,222,226,328,776,4,0.3862103846217061,-0.6229450405402104
WTA,Danka Kovinic,0.9452054794520548,0.9705882352941176,0.9666666666666667,73,34,30,137,1,0.733578960983502,-0.8546000074114907
WTA,Daria Gavrilova,0.9491525423728814,0.991869918699187,0.9469026548672567,118,123,113,354,1,0.90060511986906,-0.5923612065445121
WTA,Daria Kasatkina,0.9724137931034482,0.9700996677740864,0.9732441471571907,290,301,299,890,1,1.188698633923593,-0.3625809891922084
WTA,Daria Saville,1.0,0.9454545454545454,0.9583333333333334,46,55,72,173,3,1.1057125538090455,0.4115993165125109
WTA,Daria Snigur,1.0,0.8461538461538461,1.0,34,13,16,63,4,0.11336597276046127,0.1207265485951664
WTA,Dayana Yastremska,0.9182389937106918,0.9672131147540983,0.9642857142857143,159,122,112,393,1,0.2680084071672806,-1.381035937937188
WTA,Denisa Allertova,0.96,0.9512195121951219,0.825,25,41,40,106,6,-0.6745937230708063,1.0294169137352542
WTA,Destanee Aiava,1.0,0.92,0.9,20,25,20,65,3,0.19174819515605654,1.090154418177386
WTA,Diana Shnaider,0.984375,0.9736842105263158,0.9736842105263158,64,38,38,140,1,1.4185509678154091,-0.12579727783275169
WTA,Diane Parry,0.9595959595959596,1.0,0.967741935483871,99,63,62,224,1,1.3668094417678667,-0.6170887145814156
WTA,Dominika Cibulkova,0.9608695652173913,0.8963730569948186,0.912621359223301,230,193,206,629,4,-0.5924631116292002,0.18172041016653007
WTA,Donna Vekic,0.9644012944983819,0.9697986577181208,0.963963963963964,309,298,333,940,1,0.9782605717469425,-0.4266076036883281
WTA,Ekaterina Alexandrova,0.9288389513108615,0.93359375,0.9320987654320988,267,256,162,685,4,-0.3549211626429392,-0.7550015637047719
WTA,Ekaterina Makarova,0.9536423841059603,0.9379310344827586,0.9570552147239264,151,145,163,459,4,0.3081557008464136,-0.521265755771639
WTA,Elena Gabriela Ruse,0.9540229885057471,0.9826086956521739,0.9212598425196851,87,115,127,329,3,0.5972795803920349,-0.19647719576714381
WTA,Elena Rybakina,0.9963503649635036,0.9693877551020408,0.9438202247191011,274,294,356,924,3,1.248623786324739,0.45497379931637466
WTA,Elena Vesnina,0.9603960396039604,0.9322033898305084,0.92,101,59,100,260,4,-0.027135359740555556,0.03229395579063447
WTA,Elina Avanesyan,1.0,0.9642857142857143,1.0,78,56,65,199,1,1.7676374857786172,-0.07415412465043036
WTA,Elina Svitolina,0.9698340874811463,0.9489795918367347,0.9570815450643777,663,588,699,1950,1,0.7006309385646478,-0.20474374876820428
WTA,Elisabetta Cocciaretto,0.96875,0.9696969696969697,1.0,64,33,49,146,1,1.3850316328577381,-0.7297007528341498
WTA,Elise Mertens,0.967479674796748,0.9627906976744186,0.937046004842615,492,430,413,1335,3,0.6680153941315631,-0.05760684659586541
WTA,Elizabeth Mandlik,1.0,0.8947368421052632,0.9230769230769231,29,19,26,74,4,0.05852605698501572,0.8800035929553844
WTA,Emina Bektas,1.0,1.0,1.0,17,11,25,53,1,2.2677660827375945,-0.13307153749212242
WTA,Emma Navarro,0.993421052631579,0.9854014598540146,0.9556962025316456,152,137,158,447,1,1.5434076812026658,0.23834663058721237
WTA,Emma Raducanu,0.9533333333333334,0.9658703071672355,0.9683257918552036,150,293,221,664,1,0.8025891524941522,-0.6967419331014745
WTA,Ena Shibahara,0.9722222222222222,0.9629629629629629,0.9523809523809523,36,27,21,84,1,0.8865532830842264,-0.12710179713910333
WTA,Erika Andreeva,0.9523809523809523,0.9607843137254902,1.0,21,51,29,101,1,1.020117021908685,-1.0537032371529842
WTA,Eugenie Bouchard,0.9076923076923077,0.95,0.9,65,100,70,235,6,-0.7421363881477323,-0.8693514626161725
WTA,Eva Lys,0.9777777777777777,0.96875,0.8928571428571429,45,32,28,105,3,0.4801961309235478,0.627860159065979
WTA,Evgeniya Rodina,0.9913793103448276,0.9868421052631579,0.9529411764705882,116,76,85,277,1,1.5073025055151454,0.22378687564878855
WTA,Fiona Ferro,0.9873417721518988,0.9841269841269841,0.9607843137254902,79,63,51,193,1,1.4850166030238114,0.0591336056827982
WTA,Garbine Muguruza,0.9757281553398058,0.9619771863117871,0.9236363636363636,206,263,275,744,3,0.6494541659456915,0.2607442031338633
WTA,Garbiñe Muguruza,0.978021978021978,0.9574468085106383,0.9428571428571428,91,47,35,173,3,0.8033576567175906,0.10593436840475294
WTA,Greet Minnen,0.98989898989899,0.9830508474576272,0.9,198,118,130,446,3,0.9265229137652875,0.7771318162901556
WTA,Harmony Tan,1.0,1.0,0.9787234042553191,32,44,47,123,1,2.0644193103134603,0.0991095158917329
WTA,Harriet Dart,0.9875776397515528,0.9846938775510204,0.9601593625498008,161,196,251,608,1,1.490442073048108,0.06989872702799957
WTA,Heather Watson,0.9692307692307692,0.9714285714285714,0.9631336405529954,195,175,217,587,1,1.0639895423055474,-0.3203048605251135
WTA,Iga Swiatek,0.9768041237113402,0.9585253456221198,0.9748743718592965,388,434,398,1220,1,1.1065954728106728,-0.2704328334865621
WTA,Irina Camelia Begu,0.9690721649484536,0.9655172413793104,0.8405797101449275,97,58,69,224,6,-0.1924012824019994,1.0235361049148484
WTA,Iva Jovic,0.975609756097561,1.0,0.9333333333333333,41,15,30,86,1,1.2728505888626804,0.089750269165806
WTA,Jaimee Fourlis,1.0,1.0,0.9545454545454546,45,12,22,79,1,1.8333434325587632,0.36295162200974923
WTA,Jana Cepelova,0.9487179487179487,0.9555555555555556,1.0,39,45,11,95,1,0.8931657149945736,-1.120871675959427
WTA,Jana Fett,1.0,0.9565217391304348,0.9,36,23,20,79,3,0.7031840473506279,1.0299049594801426
WTA,Jasmine Paolini,0.994475138121547,0.9902439024390244,0.978494623655914,181,205,186,572,1,1.84457221807148,0.003381085773144025
WTA,Jelena Jankovic,0.961038961038961,0.9789473684210527,0.9661016949152542,77,95,59,231,1,1.077486837294987,-0.5346009660507242
WTA,Jelena Ostapenko,0.9363957597173145,0.9553903345724907,0.9120171673819742,566,538,466,1570,6,-0.13077113910038282,-0.4154542790504316
WTA,Jennifer Brady,0.9617224880382775,0.9835164835164835,0.9669421487603306,209,182,121,512,1,1.1595295159270778,-0.5371666131766455
WTA,Jessica Bouzas Maneiro,1.0,1.0,1.0,36,35,39,110,1,2.2677660827375945,-0.13307153749212242
WTA,Jessica Pegula,0.9830508474576272,0.9898305084745763,0.9708222811671088,354,295,377,1026,1,1.597881959904205,-0.1486019351856206
WTA,Jil Teichmann,0.9032258064516129,1.0,0.9166666666666666,31,36,12,79,6,0.05181618146285913,-1.2261310920143609
WTA,Jodie Burrage,1.0,0.9824561403508771,1.0,51,57,33,141,1,2.022088877213885,-0.10412965048216827
WTA,Johanna Konta,0.9607843137254902,0.9552715654952076,0.9122340425531915,357,313,376,1046,3,0.22737589268577632,0.08701886072073446
WTA,Johanna Larsson,1.0,0.9666666666666667,0.9019607843137255,65,60,51,176,3,0.8639893624450692,0.9917719212622004
WTA,Jule Niemeier,1.0,0.976878612716763,0.921875,195,173,128,496,3,1.1973194772548348,0.7576113328628156
WTA,Julia Goerges,0.9074074074074074,0.9090909090909091,0.8893280632411067,108,231,253,592,6,-1.421184835452493,-0.6913017417175858
WTA,Kaia Kanepi,0.9802955665024631,0.9364406779661016,0.935,203,236,200,639,3,0.46745270545106593,0.2733737774710065
WTA,Kaja Juvan,1.0,0.9714285714285714,0.9291338582677166,133,105,127,365,3,1.1903743489860923,0.6873898383038347
WTA,Kamilla Rakhimova,0.9846153846153847,0.9607843137254902,0.9836065573770492,65,51,61,177,1,1.3362628148896227,-0.20782018486404938
WTA,Karolina Muchova,0.9567430025445293,0.926056338028169,0.9433962264150944,393,284,371,1048,4,0.05680482367851574,-0.28846490137887676
WTA,Karolina Pliskova,0.9578783151326054,0.9319444444444445,0.9121522693997072,641,720,683,2044,4,-0.14269524996914756,0.06626323799459019
WTA,Katerina Siniakova,0.9619565217391305,0.9186046511627907,0.9554455445544554,184,172,202,558,4,0.14408652368446323,-0.29978298215444815
WTA,Kateryna Baindl,1.0,1.0,0.9473684210526315,43,18,19,80,1,1.7647503825305257,0.44127106824688794
WTA,Kateryna Bondarenko,1.0,0.9090909090909091,0.8571428571428571,20,22,28,70,5,-0.3706168568369103,1.5758299886952116
WTA,Kateryna Kozlova,1.0,1.0,0.9,26,25,40,91,3,1.312036252344165,0.9581794134119959
WTA,Katie Boulter,0.975103734439834,0.9303482587064676,0.9299610894941635,241,201,257,699,4,0.2578234205599865,0.23098300815294048
WTA,Katie Swan,0.9411764705882353,0.9464285714285714,0.9803921568627451,68,56,51,175,4,0.4673367567444712,-1.0478912269780403
WTA,Katie Volynets,1.0,1.0,0.9423076923076923,42,31,52,125,1,1.7163834882798463,0.4964963187987154
WTA,Kiki Bertens,0.9433962264150944,0.9202127659574468,0.882051282051282,159,188,195,542,6,-0.8070920509836224,0.11443320714849747
WTA,Kim Clijsters,0.8333333333333334,0.95,0.9666666666666667,12,20,30,62,2,-1.1956994328224044,-3.1354754956130715
WTA,Kimberly Birrell,1.0,1.0,1.0,27,10,14,51,1,2.2677660827375945,-0.13307153749212242
WTA,Kirsten Flipkens,0.9662921348314607,0.8952380952380953,0.8282828282828283,89,105,99,293,5,-1.3348655374186296,1.2161406623438238
WTA,Kristie Ahn,0.908256880733945,0.8863636363636364,0.9142857142857143,109,44,70,223,0,-1.4884604822082501,-0.9085822876922391
WTA,Kristina Mladenovic,0.9522184300341296,0.9130434782608695,0.8992805755395683,293,207,139,639,6,-0.6134160792369986,0.12079301728253032
WTA,Kristyna Pliskova,0.9090909090909091,0.8214285714285714,0.7804878048780488,44,56,41,141,0,-3.6642979974726404,0.6758688143893018
WTA,Kurumi Nara,0.9823008849557522,0.9607843137254902,0.94,113,51,50,214,3,0.8855522709488003,0.22014554923723126
WTA,Lara Arruabarrena,0.9210526315789473,0.875,0.9230769230769231,38,24,26,88,0,-1.3758807901331873,-0.7210024619271667
WTA,Laura Siegemund,0.9137931034482759,0.9052631578947369,0.9391304347826087,116,95,115,326,4,-0.9051440072725893,-1.0963242520479153
WTA,Lauren Davis,0.9685863874345549,0.9554455445544554,0.9375,191,202,128,521,3,0.5857293110088665,-0.027543953459292194
WTA,Lesia Tsurenko,0.9467455621301775,0.9842105263157894,0.9506172839506173,169,190,162,521,1,0.7935416697607472,-0.6700663580234588
WTA,Lesley Pattinama Kerkhove,0.9444444444444444,1.0,0.8666666666666667,18,16,30,64,6,0.17855668565092583,0.17238351269091534
WTA,Leylah Fernandez,0.9940476190476191,0.9605911330049262,0.9422222222222222,168,203,225,596,3,1.076389556093023,0.4392756633565886
WTA,Lin Zhu,1.0,0.9583333333333334,0.9897959183673469,100,72,98,270,1,1.5867592675378255,0.047017582003877484
WTA,Linda Fruhvirtova,0.9583333333333334,1.0,1.0,24,19,19,62,1,1.656588865316023,-0.9952312007589613
WTA,Linda Noskova,0.9915966386554622,0.9583333333333334,0.9705882352941176,119,48,34,201,1,1.2799230785945215,0.08274066569635083
WTA,Liudmila Samsonova,0.9861751152073732,0.9668508287292817,0.9452054794520548,217,181,219,617,3,1.0770838350869096,0.2334977720656196
WTA,Lucia Bronzetti,0.9659090909090909,1.0,1.0,88,61,37,186,1,1.7677119957563086,-0.8384748983468088
WTA,Lucie Safarova,0.8902439024390244,0.953125,0.9425287356321839,82,128,87,297,2,-0.5478529494953751,-1.699641436978663
WTA,Luksika Kumkhum,0.88,0.8333333333333334,0.8611111111111112,50,12,36,98,0,-3.1537602981248556,-0.8255171204058935
WTA,Lulu Sun,0.9411764705882353,0.9807692307692307,1.0,34,52,55,141,1,1.1356276443952915,-1.3185133601667498
WTA,Madison Brengle,0.9879518072289156,0.9761904761904762,0.984375,83,84,64,231,1,1.6082882897123412,-0.172584480925369
WTA,Madison Keys,0.9215686274509803,0.9233176838810642,0.9029374201787995,510,639,783,1932,6,-0.8841697163761879,-0.570262127195034
WTA,Magda Linette,0.9771428571428571,0.9795918367346939,0.9433962264150944,175,147,159,481,1,1.1057248044961872,0.04532861491821713
WTA,Magdalena Frech,1.0,0.9629629629629629,0.9655172413793104,98,54,58,210,1,1.4195521939292728,0.3043214330973612
WTA,Magdalena Rybarikova,0.9772727272727273,0.9473684210526315,0.8910891089108911,44,76,101,221,3,0.15647120015969887,0.6719763509493318
WTA,Margarita Gasparyan,0.9285714285714286,0.9782608695652174,0.9565217391304348,42,46,46,134,1,0.5000728986514235,-1.10073982345407
WTA,Maria Camila Osorio Serrano,1.0,0.8095238095238095,0.7692307692307693,10,21,39,70,5,-2.605116812207942,2.6994260894935853
WTA,Maria Sakkari,0.9577464788732394,0.9517045454545454,0.9611940298507463,284,352,335,971,1,0.6007902410063961,-0.5042313657992045
WTA,Maria Sharapova,0.9361702127659575,0.9347826086956522,0.9538461538461539,188,138,195,521,4,-0.022889782326423202,-0.8425841621915399
WTA,Marie Bouzkova,0.9901960784313726,0.9653179190751445,0.9580838323353293,204,173,167,544,1,1.2376803472775801,0.1786925409335483
WTA,Marketa Vondrousova,0.9513677811550152,0.9506726457399103,0.9651741293532339,329,223,201,753,1,0.5308145743167486,-0.6779488683888785
WTA,Marta Kostyuk,0.9605263157894737,0.9349593495934959,0.9595375722543352,152,123,173,448,4,0.39124129669195457,-0.40101099700125753
WTA,Martina Trevisan,0.9864864864864865,0.9827586206896551,0.88,148,58,50,256,3,0.6812292565474385,0.9252531423021739
WTA,Maryna Zanevska,0.8484848484848485,0.9444444444444444,0.8888888888888888,33,18,36,87,2,-1.7945963773303413,-1.9640472203101882
WTA,Maya Joint,0.9583333333333334,0.9655172413793104,1.0,24,29,17,70,1,1.1737060820452867,-0.9383454228428448
WTA,Mayar Sherif,1.0,0.9111111111111111,0.9024390243902439,45,45,41,131,3,0.0905822280255094,1.0782024307444429
WTA,McCartney Kessler,1.0,1.0,1.0,12,28,19,59,1,2.2677660827375945,-0.13307153749212242
WTA,Mihaela Buzarnescu,0.8823529411764706,0.9312977099236641,0.9759036144578314,85,131,83,299,2,-0.6502865495507447,-2.191115354748041
WTA,Mirjam Bjorklund,1.0,1.0,0.9615384615384616,22,19,26,67,1,1.9001776864324293,0.28664036670176907
WTA,Mirjana Lucic Baroni,0.9444444444444444,0.9117647058823529,0.9659090909090909,72,68,88,228,4,-0.10856568923962813,-0.7650397185341877
WTA,Mirra Andreeva,1.0,0.9775280898876404,0.9844961240310077,91,89,129,309,1,1.8049032587212221,0.07318628699857699
WTA,Misaki Doi,0.9565217391304348,0.8837209302325582,0.9324324324324325,69,43,74,186,4,-0.6440731206126465,-0.10356054509241402
WTA,Mona Barthel,0.9375,0.863013698630137,0.9,48,73,80,201,0,-1.5230310415760508,-0.10907548428725292
WTA,Monica Niculescu,1.0,0.9393939393939394,0.9,47,33,50,130,3,0.4633331787168104,1.0581604776282005
WTA,Monica Puig,1.0,0.9166666666666666,0.8620689655172413,18,36,29,83,5,-0.21744868542199206,1.5095761511901507
WTA,Nadia Podoroska,0.9824561403508771,0.9411764705882353,1.0,57,17,46,120,1,1.1866870884604734,-0.3990456878714115
WTA,Nao Hibino,0.9512195121951219,0.9318181818181818,0.9487179487179487,82,44,39,165,4,0.10733271594134271,-0.4703346225466702
WTA,Naomi Broady,0.95,0.9230769230769231,0.75,20,26,16,62,5,-1.9321712091404322,1.68736328689161
WTA,Naomi Osaka,0.9217391304347826,0.9296116504854369,0.9496567505720824,345,412,437,1194,4,-0.3470199630664179,-1.0869423236929137
WTA,Natalia Vikhlyantseva,1.0,0.9333333333333333,0.9056603773584906,14,45,53,112,3,0.43256078628200434,1.0063896623005313
WTA,Nicole Gibbs,0.9666666666666667,0.9459459459459459,0.8,30,37,25,92,5,-0.8895867419784872,1.4488749342197982
WTA,Nina Stojanovic,1.0,0.9444444444444444,0.875,19,18,24,61,3,0.2951259772540647,1.32264146000288
WTA,Nuria Parrizas Diaz,0.96875,1.0,1.0,32,15,20,67,1,1.8093831696714153,-0.7796912849422521
WTA,Oceane Dodin,0.96,0.9272727272727272,0.8717948717948718,75,55,78,208,6,-0.5627023886904925,0.5582721434774621
WTA,Ons Jabeur,0.9869848156182213,0.9758771929824561,0.9744897959183674,461,456,588,1505,1,1.4952412747476684,-0.08420410584984266
WTA,Panna Udvardy,1.0,0.9629629629629629,1.0,17,27,28,72,1,1.7491142044097652,-0.07197199824888612
WTA,Patricia Maria Tig,1.0,0.9411764705882353,1.0,25,17,25,67,1,1.4440248642169256,-0.03603109281168837
WTA,Paula Badosa,0.9913793103448276,0.9382022471910112,0.9447513812154696,232,178,181,591,3,0.7478970379444501,0.39339866300811316
WTA,Pauline Parmentier,0.9516129032258065,0.8690476190476191,0.9135802469135802,62,84,81,227,4,-1.1017323203513538,0.02479768011412816
WTA,Petra Kvitova,0.95625,0.9385245901639344,0.9439579684763573,320,488,571,1379,4,0.22954249848889297,-0.32536476318870244
WTA,Petra Martic,0.9648562300319489,0.9724770642201835,0.9258064516129032,313,218,310,841,3,0.6577582884830262,-0.005218471607659821
WTA,Peyton Stearns,0.971830985915493,1.0,0.9827586206896551,71,94,58,223,1,1.689794846001074,-0.5277933265627762
WTA,Polona Hercog,0.8571428571428571,0.8913043478260869,0.8970588235294118,21,46,68,135,2,-2.333668706478994,-1.7863870935580264
WTA,Qiang Wang,0.9533678756476683,0.9602272727272727,0.9497206703910615,193,176,179,548,1,0.5462583309764255,-0.48368938073104784
WTA,Qinwen Zheng,0.9814814814814815,0.9637305699481865,0.9512195121951219,162,193,164,519,1,1.022019473920087,0.07589715452031404
WTA,Rebecca Marino,1.0,1.0,0.8936170212765957,66,52,47,165,3,1.2510322206169242,1.0278337294271531
WTA,Rebecca Peterson,0.9508196721311475,1.0,0.98,61,42,50,153,1,1.3552306141285275,-0.9324524252656021
WTA,Rebeka Masarova,0.9901960784313726,0.9787234042553191,0.9841269841269841,102,47,63,212,1,1.6743075795770874,-0.1276184627699858
WTA,Renata Zarazua,1.0,1.0,1.0,28,32,26,86,1,2.2677660827375945,-0.13307153749212242
WTA,Roberta Vinci,0.8888888888888888,1.0,0.8571428571428571,27,21,14,62,6,-0.7273681595200692,-0.8732340430073354
WTA,Sachia Vickery,0.9558823529411765,0.9272727272727272,0.9787234042553191,68,55,47,170,4,0.3988468035142638,-0.6937881446254742
WTA,Saisai Zheng,0.9206349206349206,1.0,0.9076923076923077,63,40,65,168,6,0.22140685080220315,-0.767971849839811
WTA,Samantha Stosur,0.9285714285714286,0.864406779661017,0.9705882352941176,56,59,34,149,4,-0.9598566161923249,-1.0664169208783252
WTA,Sara Errani,0.9732142857142857,0.9777777777777777,0.9558823529411765,112,90,68,270,1,1.1420298025610207,-0.1692230687146437
WTA,Sara Sorribes Tormo,0.9833333333333333,0.9705882352941176,0.9504132231404959,240,136,121,497,1,1.1375089681317236,0.11170099354339931
WTA,Serena Williams,0.9439252336448598,0.8960573476702509,0.9069423929098966,428,558,677,1663,4,-0.8997035001852403,-0.106396255060272
WTA,Shelby Rogers,0.952755905511811,0.923728813559322,0.9,254,236,170,660,6,-0.449023329632511,0.10643617854981559
WTA,Shuai Peng,0.9772727272727273,0.9166666666666666,0.9661016949152542,44,48,59,151,4,0.4434537514864349,-0.09595090485363093
WTA,Shuai Zhang,0.9680365296803652,0.9537037037037037,0.988,219,216,250,685,1,1.0359153788024047,-0.5871297547123651
WTA,Simona Halep,0.9520958083832335,0.9399038461538461,0.9108108108108108,501,416,370,1287,6,-0.12887495963329937,-0.051879266104732966
WTA,Sloane Stephens,0.9724137931034482,0.964769647696477,0.940379403794038,435,369,369,1173,3,0.7999610049507146,0.004848703084670249
WTA,Sofia Kenin,0.9812834224598931,0.9354838709677419,0.922077922077922,374,248,231,853,3,0.34504393020348695,0.4364050577050908
WTA,Sonay Kartal,1.0,1.0,1.0,50,12,42,104,1,2.2677660827375945,-0.13307153749212242
WTA,Sorana Cirstea,0.93717277486911,0.9508196721311475,0.908695652173913,191,244,230,665,6,-0.21512412759496535,-0.3555901808705668
WTA,Stefanie Voegele,0.9787234042553191,0.9491525423728814,0.9354838709677419,47,59,31,137,3,0.6270282041831897,0.21459200939723957
WTA,Su Wei Hsieh,0.9626168224299065,0.927536231884058,0.9322033898305084,107,138,118,363,4,0.05671406566699918,-0.04722423441277263
WTA,Svetlana Kuznetsova,0.958041958041958,0.9368421052631579,0.9794871794871794,286,190,195,671,4,0.5718298141791892,-0.6732231471740324
WTA,Tamara Korpatsch,0.9583333333333334,0.94,1.0,48,50,45,143,1,0.8163728224249405,-0.8962499471849186
WTA,Tamara Zidansek,0.9787234042553191,0.9375,0.8703703703703703,47,32,54,133,3,-0.15845849534201145,0.9443667580228894
WTA,Tatjana Maria,0.9794238683127572,0.9668508287292817,0.9339622641509434,243,181,212,636,3,0.8706000735705707,0.21649379996815185
WTA,Taylor Townsend,0.9397590361445783,0.9388888888888889,0.8853503184713376,166,180,157,503,6,-0.5673804352586168,-0.027637456549755305
WTA,Tereza Martincova,0.9090909090909091,0.8709677419354839,0.9285714285714286,22,31,56,109,0,-1.5552918683837145,-1.0218192905945223
WTA,Timea Babos,0.9152542372881356,0.9333333333333333,0.896551724137931,59,75,58,192,6,-0.8975656363141211,-0.6477571506464144
WTA,Timea Bacsinszky,0.9659863945578231,0.9819819819819819,0.9065420560747663,147,111,107,365,3,0.6233233262874519,0.2127094577113717
WTA,Tsvetana Pironkova,0.9333333333333333,0.9137931034482759,0.9848484848484849,90,58,66,214,4,-0.06213197337337173,-1.2049715007614838
WTA,Valentini Grammatikopoulou,1.0,1.0,0.9655172413793104,15,27,29,71,1,1.938204072257102,0.2432218938541249
WTA,Varvara Gracheva,0.9814814814814815,0.9915254237288136,0.9279279279279279,108,118,111,337,3,1.1886428893788692,0.28421396481480815
WTA,Varvara Lepchenko,0.8620689655172413,0.8837209302325582,0.9487179487179487,58,43,39,140,2,-1.8738847839502581,-2.2356773122490328
WTA,Venus Williams,0.9065656565656566,0.9186046511627907,0.9045801526717557,396,516,524,1436,6,-1.1545364362201496,-0.89085238153789
WTA,Vera Zvonareva,0.9482758620689655,0.9423076923076923,0.9344262295081968,58,52,61,171,4,0.07445520333101997,-0.3925900293672199
WTA,Veronika Kudermetova,0.9787234042553191,0.970873786407767,0.9637681159420289,94,103,138,335,1,1.2015247991983906,-0.12989334890339618
WTA,Victoria Azarenka,0.9799498746867168,0.9682926829268292,0.9634888438133874,399,410,493,1302,1,1.1807011484584984,-0.09720985482215287
WTA,Viktoria Hruncakova,0.9166666666666666,0.95,1.0,12,20,21,53,4,0.3452316121518813,-1.7749064860474335
WTA,Viktoria Kuzmova,0.9444444444444444,0.9302325581395349,0.8983050847457628,54,43,59,156,6,-0.49606091361312565,-0.05777654454819142
WTA,Viktorija Golubic,0.9523809523809523,0.9358974358974359,0.9548872180451128,147,78,133,358,4,0.24045480730212396,-0.5203540023415616
WTA,Viktoriya Tomova,0.9880952380952381,0.9710144927536232,0.9595959595959596,84,69,99,252,1,1.3010890837958253,0.10932363597079787
WTA,Vitalia Diatchenko,0.7857142857142857,0.9302325581395349,0.9791666666666666,14,43,48,105,2,-2.051536815473015,-4.224597091002223
WTA,Xinyu Wang,0.9642857142857143,0.9226519337016574,0.96,224,181,125,530,4,0.2784565277110345,-0.30796501148736827
WTA,Xiyu Wang,1.0,1.0,0.9452054794520548,85,66,73,224,1,1.7440785044398248,0.4648741890306822
WTA,Yafan Wang,0.9789473684210527,0.981651376146789,0.9607843137254902,95,109,102,306,1,1.3272179378034972,-0.11047800568380055
WTA,Yanina Wickmayer,0.9285714285714286,0.9369369369369369,0.8947368421052632,56,111,76,243,6,-0.6691076453898629,-0.3583399695824792
WTA,Yaroslava Shvedova,1.0,0.8518518518518519,0.9,10,27,30,67,4,-0.7625712609671479,1.2025775703849406
WTA,Ying Ying Duan,0.9479166666666666,0.9574468085106383,0.8181818181818182,96,47,22,165,6,-0.8297939425143287,0.8435209920517033
WTA,Yue Yuan,1.0,0.9615384615384616,0.9629629629629629,44,26,27,97,1,1.375192043986485,0.3345450028830777
WTA,Yulia Putintseva,0.9896907216494846,0.9714285714285714,0.9771689497716894,291,210,219,720,1,1.4982409422049219,-0.050111409329840935
WTA,Yuriko Lily Miyazaki,0.9523809523809523,1.0,0.9666666666666667,21,33,30,84,1,1.250701224124654,-0.7546465499719007
WTA,Zarina Diyas,0.972972972972973,0.9523809523809523,1.0,37,42,31,110,1,1.204488677293614,-0.6137536875339413
